id,alive,request,resolve,url,subdomain,level,cname,ip,public,cdn,port,status,reason,title,banner,cidr,asn,org,addr,isp,source
5,0,0,1,http://arl.zjznb.cn,arl.zjznb.cn,1,arl.zjznb.cn,119.91.119.98,1,0,80,,"(ProtocolError('Connection aborted.', RemoteDisconnected('Remote end closed connection without response')),)",,,119.91.0.0/16,AS-,-,中国河北省沧州市,电信,Brute
6,0,0,1,https://arl.zjznb.cn,arl.zjznb.cn,1,arl.zjznb.cn,119.91.119.98,1,0,443,,"(ProtocolError('Connection aborted.', RemoteDisconnected('Remote end closed connection without response')),)",,,119.91.0.0/16,AS-,-,中国河北省沧州市,电信,Brute
9,0,0,1,https://bbs.zjznb.cn,bbs.zjznb.cn,1,bbs.zjznb.cn,8.155.35.122,1,0,443,,"(MaxRetryError(""HTTPSConnectionPool(host='bbs.zjznb.cn', port=443): Max retries exceeded with url: / (Caused by ConnectTimeoutError(<urllib3.connection.HTTPSConnection object at 0x000001345CD59B20>, 'Connection to bbs.zjznb.cn timed out. (connect timeout=13)'))""),)",,,8.144.0.0/12,AS134963,Alibaba.com Singapore E-Commerce Private Limited,中国,阿里巴巴,Brute
10,0,0,1,http://bbs.zjznb.cn,bbs.zjznb.cn,1,bbs.zjznb.cn,8.155.35.122,1,0,80,,"(MaxRetryError(""HTTPConnectionPool(host='bbs.zjznb.cn', port=80): Max retries exceeded with url: / (Caused by ConnectTimeoutError(<urllib3.connection.HTTPConnection object at 0x000001345CD59790>, 'Connection to bbs.zjznb.cn timed out. (connect timeout=13)'))""),)",,,8.144.0.0/12,AS134963,Alibaba.com Singapore E-Commerce Private Limited,中国,阿里巴巴,Brute
3,0,0,1,http://cat.zjznb.cn,cat.zjznb.cn,1,cat.zjznb.cn,119.91.119.98,1,0,80,,"(ProtocolError('Connection aborted.', RemoteDisconnected('Remote end closed connection without response')),)",,,119.91.0.0/16,AS-,-,中国河北省沧州市,电信,CertSpotterQuery
4,0,0,1,https://cat.zjznb.cn,cat.zjznb.cn,1,cat.zjznb.cn,119.91.119.98,1,0,443,,"(ProtocolError('Connection aborted.', RemoteDisconnected('Remote end closed connection without response')),)",,,119.91.0.0/16,AS-,-,中国河北省沧州市,电信,CertSpotterQuery
7,0,0,1,https://cmd.zjznb.cn,cmd.zjznb.cn,1,cmd.zjznb.cn,8.155.35.122,1,0,443,,"(MaxRetryError(""HTTPSConnectionPool(host='cmd.zjznb.cn', port=443): Max retries exceeded with url: / (Caused by ConnectTimeoutError(<urllib3.connection.HTTPSConnection object at 0x000001345CCB85B0>, 'Connection to cmd.zjznb.cn timed out. (connect timeout=13)'))""),)",,,8.144.0.0/12,AS134963,Alibaba.com Singapore E-Commerce Private Limited,中国,阿里巴巴,CertSpotterQuery
8,0,0,1,http://cmd.zjznb.cn,cmd.zjznb.cn,1,cmd.zjznb.cn,8.155.35.122,1,0,80,,"(MaxRetryError(""HTTPConnectionPool(host='cmd.zjznb.cn', port=80): Max retries exceeded with url: / (Caused by ConnectTimeoutError(<urllib3.connection.HTTPConnection object at 0x000001345CD64850>, 'Connection to cmd.zjznb.cn timed out. (connect timeout=13)'))""),)",,,8.144.0.0/12,AS134963,Alibaba.com Singapore E-Commerce Private Limited,中国,阿里巴巴,CertSpotterQuery
11,0,0,1,http://imap.zjznb.cn,imap.zjznb.cn,1,"imap.zjznb.cn,imap.zjznb.cn,imap.zjznb.cn,imap.zjznb.cn","59.82.13.252,59.82.44.41,59.82.8.66,59.82.9.180","1,1,1,1",0,80,,"(MaxRetryError(""HTTPConnectionPool(host='imap.zjznb.cn', port=80): Max retries exceeded with url: / (Caused by ConnectTimeoutError(<urllib3.connection.HTTPConnection object at 0x000001345CCBC640>, 'Connection to imap.zjznb.cn timed out. (connect timeout=13)'))""),)",,,"59.82.12.0/22,59.82.32.0/19,59.82.8.0/22,59.82.8.0/22","AS37963,AS-,AS37963,AS37963","Hangzhou Alibaba Advertising Co. Ltd.,-,Hangzhou Alibaba Advertising Co. Ltd.,Hangzhou Alibaba Advertising Co. Ltd.","中国北京北京市,中国北京北京市,中国北京北京市,中国北京北京市","阿里巴巴,阿里巴巴,阿里巴巴,阿里巴巴",Brute
12,0,0,1,https://imap.zjznb.cn,imap.zjznb.cn,1,"imap.zjznb.cn,imap.zjznb.cn,imap.zjznb.cn,imap.zjznb.cn","59.82.13.252,59.82.44.41,59.82.8.66,59.82.9.180","1,1,1,1",0,443,,"(MaxRetryError(""HTTPSConnectionPool(host='imap.zjznb.cn', port=443): Max retries exceeded with url: / (Caused by ConnectTimeoutError(<urllib3.connection.HTTPSConnection object at 0x000001345CCBF640>, 'Connection to imap.zjznb.cn timed out. (connect timeout=13)'))""),)",,,"59.82.12.0/22,59.82.32.0/19,59.82.8.0/22,59.82.8.0/22","AS37963,AS-,AS37963,AS37963","Hangzhou Alibaba Advertising Co. Ltd.,-,Hangzhou Alibaba Advertising Co. Ltd.,Hangzhou Alibaba Advertising Co. Ltd.","中国北京北京市,中国北京北京市,中国北京北京市,中国北京北京市","阿里巴巴,阿里巴巴,阿里巴巴,阿里巴巴",Brute
13,0,0,1,https://pop3.zjznb.cn,pop3.zjznb.cn,1,"pop3.zjznb.cn,pop3.zjznb.cn,pop3.zjznb.cn,pop3.zjznb.cn","58.221.74.133,58.221.74.7,58.221.74.8,58.221.74.134","1,1,1,1",0,443,,"(MaxRetryError(""HTTPSConnectionPool(host='pop3.zjznb.cn', port=443): Max retries exceeded with url: / (Caused by ConnectTimeoutError(<urllib3.connection.HTTPSConnection object at 0x000001345CEBAF70>, 'Connection to pop3.zjznb.cn timed out. (connect timeout=13)'))""),)",,,"58.221.74.0/23,58.221.74.0/23,58.221.74.0/23,58.221.74.0/23","AS4134,AS4134,AS4134,AS4134","China Telecom,China Telecom,China Telecom,China Telecom","中国江苏省南通市,中国江苏省南通市,中国江苏省南通市,中国江苏省南通市","电信,电信,电信,电信",Brute
14,0,0,1,http://pop3.zjznb.cn,pop3.zjznb.cn,1,"pop3.zjznb.cn,pop3.zjznb.cn,pop3.zjznb.cn,pop3.zjznb.cn","58.221.74.133,58.221.74.7,58.221.74.8,58.221.74.134","1,1,1,1",0,80,,"(MaxRetryError(""HTTPConnectionPool(host='pop3.zjznb.cn', port=80): Max retries exceeded with url: / (Caused by ConnectTimeoutError(<urllib3.connection.HTTPConnection object at 0x000001345CCBF0A0>, 'Connection to pop3.zjznb.cn timed out. (connect timeout=13)'))""),)",,,"58.221.74.0/23,58.221.74.0/23,58.221.74.0/23,58.221.74.0/23","AS4134,AS4134,AS4134,AS4134","China Telecom,China Telecom,China Telecom,China Telecom","中国江苏省南通市,中国江苏省南通市,中国江苏省南通市,中国江苏省南通市","电信,电信,电信,电信",Brute
1,1,1,1,http://www.zjznb.cn,www.zjznb.cn,1,www.zjznb.cn,119.91.119.98,1,0,80,444,,'',nginx,119.91.0.0/16,AS-,-,中国河北省沧州市,电信,IP138Query
2,0,0,1,https://www.zjznb.cn,www.zjznb.cn,1,www.zjznb.cn,119.91.119.98,1,0,443,,"(ProtocolError('Connection aborted.', RemoteDisconnected('Remote end closed connection without response')),)",,,119.91.0.0/16,AS-,-,中国河北省沧州市,电信,IP138Query
